,year,co2
0,"May, 12, 2021",418.51
1,"May, 12, 2021",418.51
2,"May, 12, 2021",418.51
3,"May, 12, 2021",418.51
4,"May, 12, 2021",418.51
5,"May, 12, 2021",418.51
6,"May, 12, 2021",418.51
7,"May, 12, 2021",418.51
8,"May, 12, 2021",418.51
9,"May, 12, 2021",418.51
10,"September, 11, 2020",410.99
11,"November, 13, 2019",410.46
12,"January, 13, 2019",413.45
13,"March, 17, 2018",409.02
14,"May, 18, 2017",410.03
15,"July, 19, 2016",400.8
16,"September, 20, 2015",397.57
17,"November, 23, 2014",397.24
18,"January, 19, 2014",398.13
19,"March, 24, 2013",397.21
20,"May, 27, 2012",396.28
21,"July, 31, 2011",391.77
22,"September, 26, 2010",386.87
23,"November, 29, 2009",386.73
24,"February, 1, 2009",387.26
25,"April, 6, 2008",388
26,"June, 3, 2007",386.6
27,"August, 6, 2006",381.22
28,"October, 9, 2005",376.44
29,"December, 12, 2004",377.37
30,"February, 8, 2004",377.47
31,"April, 13, 2003",377.3
32,"June, 16, 2002",375.12
33,"August, 12, 2001",369.7
34,"October, 15, 2000",366.75
35,"December, 19, 1999",368.05
36,"February, 21, 1999",369.05
37,"April, 19, 1998",368.05
38,"June, 22, 1997",365.53
39,"August, 25, 1996",360.85
40,"October, 29, 1995",358.23
41,"December, 25, 1994",359.15
42,"February, 27, 1994",359.64
43,"May, 2, 1993",359.62
44,"July, 5, 1992",358.47
45,"September, 1, 1991",353.22
46,"November, 4, 1990",352.12
47,"January, 7, 1990",353.47
48,"March, 5, 1989",353.17
49,"May, 8, 1988",353.76
50,"July, 12, 1987",349.84
51,"September, 14, 1986",345.32
52,"November, 10, 1985",343.77
53,"January, 13, 1985",345.01
54,"March, 18, 1984",345.45
55,"May, 22, 1983",345.85
56,"July, 18, 1982",342.02
57,"September, 20, 1981",336.75
58,"November, 23, 1980",337.31
59,"January, 27, 1980",338.49
60,"March, 25, 1979",339.02
61,"May, 28, 1978",337.9
62,"July, 31, 1977",333.76
63,"September, 26, 1976",328.42
64,"November, 30, 1975",330.14
65,"February, 2, 1975",331.18
66,"April, 7, 1974",332.47
67,"June, 3, 1973",332.27
68,"August, 6, 1972",326.92
69,"October, 10, 1971",322.95
70,"December, 13, 1970",325
71,"February, 8, 1970",325.7
72,"April, 13, 1969",327.13
73,"June, 16, 1968",325.56
74,"August, 13, 1967",321.4
75,"October, 16, 1966",318.21
76,"December, 19, 1965",319.39
77,"February, 21, 1965",320.7
78,"May, 31, 1964",322.07
79,"June, 23, 1963",320.88
80,"August, 19, 1962",317.48
81,"October, 29, 1961",315.72
82,"December, 25, 1960",316.4
83,"February, 28, 1960",317
84,"May, 3, 1959",318.27
85,"July, 6, 1958",315.85
86,"March, 30, 1958",316.19
87,"March, 30, 1958",316.19
88,Year 1955,313
89,Year 1955,313
90,Year 1954,312.4
91,Year 1954,312.4
92,Year 1953,311.9
93,Year 1952,311.5
94,Year 1951,311.1
95,Year 1950,310.7
96,Year 1949,310.5
97,Year 1949,310.5
98,Year 1948,310.3
99,Year 1947,310.2
100,Year 1946,310.1
101,Year 1945,310.1
102,Year 1944,310.1
103,Year 1944,310.1
104,Year 1943,310.2
105,Year 1942,310.3
106,Year 1941,310.4
107,Year 1940,310.4
108,Year 1939,310.3
109,Year 1939,310.3
110,Year 1938,310.2
111,Year 1937,310
112,Year 1936,309.8
113,Year 1935,309.4
114,Year 1934,309
115,Year 1934,309
116,Year 1933,308.6
117,Year 1932,308.2
118,Year 1931,307.7
119,Year 1930,307.2
120,Year 1929,306.8
121,Year 1929,306.8
122,Year 1928,306.3
123,Year 1927,305.8
124,Year 1926,305.4
125,Year 1925,305
126,Year 1924,304.5
127,Year 1924,304.5
128,Year 1923,304.1
129,Year 1922,303.8
130,Year 1921,303.4
131,Year 1920,303
132,Year 1920,303
133,Year 1919,302.7
134,Year 1918,302.4
135,Year 1917,302.1
136,Year 1916,301.7
137,Year 1915,301.4
138,Year 1915,301.4
139,Year 1914,301.1
140,Year 1913,300.8
141,Year 1912,300.4
142,Year 1911,300.1
143,Year 1910,299.7
144,Year 1910,299.7
145,Year 1909,299.3
146,Year 1908,298.9
147,Year 1907,298.5
148,Year 1906,298.1
149,Year 1905,297.6
150,Year 1905,297.6
151,Year 1904,297.2
152,Year 1903,296.8
153,Year 1902,296.5
154,Year 1901,296.1
155,Year 1900,295.8
156,Year 1900,295.8
157,Year 1899,295.5
158,Year 1898,295.2
159,Year 1897,295
160,Year 1896,294.9
161,Year 1895,294.8
162,Year 1895,294.8
163,Year 1894,294.7
164,Year 1893,294.6
165,Year 1892,294.5
166,Year 1891,294.3
167,Year 1890,294.2
168,Year 1890,294.2
169,Year 1889,294
170,Year 1888,293.8
171,Year 1887,293.6
172,Year 1886,293.3
173,Year 1886,293.3
174,Year 1885,293
175,Year 1884,292.6
176,Year 1883,292.1
177,Year 1882,291.7
178,Year 1881,291.2
179,Year 1881,291.2
180,Year 1880,290.7
181,Year 1879,290.2
182,Year 1878,289.8
183,Year 1877,289.4
184,Year 1876,289
185,Year 1876,289
186,Year 1875,288.7
187,Year 1874,288.4
188,Year 1873,288.1
189,Year 1872,287.9
190,Year 1871,287.7
191,Year 1871,287.7
192,Year 1870,287.5
193,Year 1869,287.4
194,Year 1868,287.2
195,Year 1867,287.1
196,Year 1866,287
197,Year 1866,287
198,Year 1865,286.9
199,Year 1864,286.8
200,Year 1863,286.6
201,Year 1862,286.5
202,Year 1861,286.4
203,Year 1861,286.4
204,Year 1860,286.2
205,Year 1859,286.1
206,Year 1858,285.9
207,Year 1857,285.7
208,Year 1856,285.6
209,Year 1856,285.6
210,Year 1855,285.4
211,Year 1854,285.3
212,Year 1853,285.1
213,Year 1852,285
214,Year 1852,285
215,Year 1851,284.9
216,Year 1850,284.7
217,Year 1849,284.6
218,Year 1848,284.4
219,Year 1847,284.2
220,Year 1847,284.2
221,Year 1846,284.1
222,Year 1845,283.9
223,Year 1844,283.7
224,Year 1843,283.6
225,Year 1842,283.5
226,Year 1842,283.5
227,Year 1841,283.4
228,Year 1840,283.4
229,Year 1839,283.4
230,Year 1838,283.4
231,Year 1837,283.5
232,Year 1837,283.5
233,Year 1836,283.7
234,Year 1835,283.8
235,Year 1834,284
236,Year 1833,284.1
237,Year 1832,284.3
238,Year 1832,284.3
239,Year 1830,284.4
240,Year 1830,284.4
241,Year 1830,284.4
242,Year 1830,284.4
243,Year 1825,284.3
244,Year 1825,284.3
245,Year 1825,284.3
246,Year 1825,284.3
247,Year 1825,284.3
248,Year 1825,284.3
249,Year 1825,284.3
250,Year 1820,284.2
251,Year 1820,284.2
252,Year 1820,284.2
253,Year 1820,284.2
254,Year 1820,284.2
255,Year 1820,284.2
256,Year 1815,284
257,Year 1815,284
258,Year 1815,284
259,Year 1815,284
260,Year 1815,284
261,Year 1815,284
262,Year 1810,283.8
263,Year 1810,283.8
264,Year 1810,283.8
265,Year 1810,283.8
266,Year 1810,283.8
267,Year 1810,283.8
268,Year 1805,283.4
269,Year 1805,283.4
270,Year 1805,283.4
271,Year 1805,283.4
272,Year 1805,283.4
273,Year 1805,283.4
274,Year 1800,282.9
275,Year 1800,282.9
276,Year 1800,282.9
277,Year 1800,282.9
278,Year 1800,282.9
279,Year 1800,282.9
280,Year 1795,282.3
281,Year 1795,282.3
282,Year 1795,282.3
283,Year 1795,282.3
284,Year 1795,282.3
285,Year 1795,282.3
286,Year 1790,281.6
287,Year 1790,281.6
288,Year 1790,281.6
289,Year 1790,281.6
290,Year 1790,281.6
291,Year 1790,281.6
292,Year 1785,280.8
293,Year 1785,280.8
294,Year 1785,280.8
295,Year 1785,280.8
296,Year 1785,280.8
297,Year 1785,280.8
298,Year 1780,280.1
299,Year 1780,280.1
300,Year 1780,280.1
301,Year 1780,280.1
302,Year 1780,280.1
303,Year 1780,280.1
304,Year 1775,279.3
305,Year 1775,279.3
306,Year 1775,279.3
307,Year 1775,279.3
308,Year 1775,279.3
309,Year 1775,279.3
310,Year 1770,278.6
311,Year 1770,278.6
312,Year 1770,278.6
313,Year 1770,278.6
314,Year 1770,278.6
315,Year 1770,278.6
316,Year 1765,278
317,Year 1765,278
318,Year 1765,278
319,Year 1765,278
320,Year 1765,278
321,Year 1765,278
322,Year 1760,277.6
323,Year 1760,277.6
324,Year 1760,277.6
325,Year 1760,277.6
326,Year 1760,277.6
327,Year 1760,277.6
328,Year 1755,277.2
329,Year 1755,277.2
330,Year 1755,277.2
331,Year 1755,277.2
332,Year 1755,277.2
333,Year 1755,277.2
334,Year 1750,277
335,Year 1750,277
336,Year 1750,277
337,Year 1750,277
338,Year 1750,277
339,Year 1750,277
340,Year 1745,276.9
341,Year 1745,276.9
342,Year 1745,276.9
343,Year 1745,276.9
344,Year 1745,276.9
345,Year 1745,276.9
346,Year 1740,276.9
347,Year 1740,276.9
348,Year 1740,276.9
349,Year 1740,276.9
350,Year 1740,276.9
351,Year 1740,276.9
352,Year 1735,276.9
353,Year 1735,276.9
354,Year 1735,276.9
355,Year 1735,276.9
356,Year 1735,276.9
357,Year 1735,276.9
358,Year 1730,277
359,Year 1730,277
360,Year 1730,277
361,Year 1730,277
362,Year 1730,277
363,Year 1730,277
364,Year 1725,277
365,Year 1725,277
366,Year 1725,277
367,Year 1725,277
368,Year 1725,277
369,Year 1725,277
370,Year 1720,277
371,Year 1720,277
372,Year 1720,277
373,Year 1720,277
374,Year 1720,277
375,Year 1720,277
376,Year 1715,277
377,Year 1715,277
378,Year 1715,277
379,Year 1715,277
380,Year 1715,277
381,Year 1715,277
382,Year 1710,276.9
383,Year 1710,276.9
384,Year 1710,276.9
385,Year 1710,276.9
386,Year 1710,276.9
387,Year 1710,276.9
388,Year 1705,276.8
389,Year 1705,276.8
390,Year 1705,276.8
391,Year 1705,276.8
392,Year 1705,276.8
393,Year 1705,276.8
394,Year 1700,276.7
395,Year 1700,276.7
396,Year 1700,276.7
397,Year 1700,276.7
398,Year 1700,276.7
399,Year 1700,276.7
400,Year 1695,276.6
401,Year 1695,276.6
402,Year 1695,276.6
403,Year 1695,276.6
404,Year 1695,276.6
405,Year 1695,276.6
406,Year 1690,276.5
407,Year 1690,276.5
408,Year 1690,276.5
409,Year 1690,276.5
410,Year 1690,276.5
411,Year 1690,276.5
412,Year 1685,276.4
413,Year 1685,276.4
414,Year 1685,276.4
415,Year 1685,276.4
416,Year 1685,276.4
417,Year 1685,276.4
418,Year 1680,276.4
419,Year 1680,276.4
420,Year 1680,276.4
421,Year 1680,276.4
422,Year 1680,276.4
423,Year 1680,276.4
424,Year 1675,276.4
425,Year 1675,276.4
426,Year 1675,276.4
427,Year 1675,276.4
428,Year 1675,276.4
429,Year 1675,276.4
430,Year 1670,276.4
431,Year 1670,276.4
432,Year 1670,276.4
433,Year 1670,276.4
434,Year 1670,276.4
435,Year 1670,276.4
436,Year 1665,276.5
437,Year 1665,276.5
438,Year 1665,276.5
439,Year 1665,276.5
440,Year 1665,276.5
441,Year 1665,276.5
442,Year 1660,276.5
443,Year 1660,276.5
444,Year 1660,276.5
445,Year 1660,276.5
446,Year 1660,276.5
447,Year 1660,276.5
448,Year 1655,276.5
449,Year 1655,276.5
450,Year 1655,276.5
451,Year 1655,276.5
452,Year 1655,276.5
453,Year 1655,276.5
454,Year 1655,276.5
455,Year 1650,276.4
456,Year 1650,276.4
457,Year 1650,276.4
458,Year 1650,276.4
459,Year 1650,276.4
460,Year 1650,276.4
461,Year 1645,276.3
462,Year 1645,276.3
463,Year 1645,276.3
464,Year 1645,276.3
465,Year 1645,276.3
466,Year 1645,276.3
467,Year 1640,276.1
468,Year 1640,276.1
469,Year 1640,276.1
470,Year 1640,276.1
471,Year 1640,276.1
472,Year 1640,276.1
473,Year 1635,275.9
474,Year 1635,275.9
475,Year 1635,275.9
476,Year 1635,275.9
477,Year 1635,275.9
478,Year 1635,275.9
479,Year 1630,275.6
480,Year 1630,275.6
481,Year 1630,275.6
482,Year 1630,275.6
483,Year 1630,275.6
484,Year 1630,275.6
485,Year 1625,275.4
486,Year 1625,275.4
487,Year 1625,275.4
488,Year 1625,275.4
489,Year 1625,275.4
490,Year 1625,275.4
491,Year 1620,275.3
492,Year 1620,275.3
493,Year 1620,275.3
494,Year 1620,275.3
495,Year 1620,275.3
496,Year 1620,275.3
497,Year 1615,275.3
498,Year 1615,275.3
499,Year 1615,275.3
500,Year 1615,275.3
501,Year 1615,275.3
502,Year 1615,275.3
503,Year 1610,275.5
504,Year 1610,275.5
505,Year 1610,275.5
506,Year 1610,275.5
507,Year 1610,275.5
508,Year 1610,275.5
509,Year 1605,275.8
510,Year 1605,275.8
511,Year 1605,275.8
512,Year 1605,275.8
513,Year 1605,275.8
514,Year 1605,275.8
515,Year 1600,276.4
516,Year 1600,276.4
517,Year 1600,276.4
518,Year 1600,276.4
519,Year 1600,276.4
520,Year 1600,276.4
521,Year 1595,277.1
522,Year 1595,277.1
523,Year 1595,277.1
524,Year 1595,277.1
525,Year 1595,277.1
526,Year 1595,277.1
527,Year 1590,278
528,Year 1590,278
529,Year 1590,278
530,Year 1590,278
531,Year 1590,278
532,Year 1590,278
533,Year 1585,278.8
534,Year 1585,278.8
535,Year 1585,278.8
536,Year 1585,278.8
537,Year 1585,278.8
538,Year 1585,278.8
539,Year 1580,279.7
540,Year 1580,279.7
541,Year 1580,279.7
542,Year 1580,279.7
543,Year 1580,279.7
544,Year 1580,279.7
545,Year 1575,280.5
546,Year 1575,280.5
547,Year 1575,280.5
548,Year 1575,280.5
549,Year 1575,280.5
550,Year 1575,280.5
551,Year 1570,281.2
552,Year 1570,281.2
553,Year 1570,281.2
554,Year 1570,281.2
555,Year 1570,281.2
556,Year 1570,281.2
557,Year 1565,281.8
558,Year 1565,281.8
559,Year 1565,281.8
560,Year 1565,281.8
561,Year 1565,281.8
562,Year 1565,281.8
563,Year 1560,282.2
564,Year 1560,282.2
565,Year 1560,282.2
566,Year 1560,282.2
567,Year 1560,282.2
568,Year 1560,282.2
569,Year 1555,282.6
570,Year 1555,282.6
571,Year 1555,282.6
572,Year 1555,282.6
573,Year 1555,282.6
574,Year 1555,282.6
575,Year 1550,282.8
576,Year 1550,282.8
577,Year 1550,282.8
578,Year 1550,282.8
579,Year 1550,282.8
580,Year 1550,282.8
581,Year 1545,283
582,Year 1545,283
583,Year 1545,283
584,Year 1545,283
585,Year 1545,283
586,Year 1545,283
587,Year 1540,283.1
588,Year 1540,283.1
589,Year 1540,283.1
590,Year 1540,283.1
591,Year 1540,283.1
592,Year 1540,283.1
593,Year 1535,283.2
594,Year 1535,283.2
595,Year 1535,283.2
596,Year 1535,283.2
597,Year 1535,283.2
598,Year 1535,283.2
599,Year 1530,283.2
600,Year 1530,283.2
601,Year 1530,283.2
602,Year 1530,283.2
603,Year 1530,283.2
604,Year 1530,283.2
605,Year 1525,283.2
606,Year 1525,283.2
607,Year 1525,283.2
608,Year 1525,283.2
609,Year 1525,283.2
610,Year 1525,283.2
611,Year 1520,283.1
612,Year 1520,283.1
613,Year 1520,283.1
614,Year 1520,283.1
615,Year 1520,283.1
616,Year 1520,283.1
617,Year 1515,282.9
618,Year 1515,282.9
619,Year 1515,282.9
620,Year 1515,282.9
621,Year 1515,282.9
622,Year 1515,282.9
623,Year 1515,282.9
624,Year 1510,282.7
625,Year 1510,282.7
626,Year 1510,282.7
627,Year 1510,282.7
628,Year 1510,282.7
629,Year 1510,282.7
630,Year 1505,282.5
631,Year 1505,282.5
632,Year 1505,282.5
633,Year 1505,282.5
634,Year 1505,282.5
635,Year 1505,282.5
636,Year 1500,282.2
637,Year 1500,282.2
638,Year 1500,282.2
639,Year 1500,282.2
640,Year 1500,282.2
641,Year 1500,282.2
642,Year 1495,281.9
643,Year 1495,281.9
644,Year 1495,281.9
645,Year 1495,281.9
646,Year 1495,281.9
647,Year 1495,281.9
648,Year 1490,281.6
649,Year 1490,281.6
650,Year 1490,281.6
651,Year 1490,281.6
652,Year 1490,281.6
653,Year 1490,281.6
654,Year 1485,281.3
655,Year 1485,281.3
656,Year 1485,281.3
657,Year 1485,281.3
658,Year 1485,281.3
659,Year 1485,281.3
660,Year 1485,281.3
661,Year 1480,281
662,Year 1480,281
663,Year 1480,281
664,Year 1480,281
665,Year 1480,281
666,Year 1480,281
667,Year 1475,280.8
668,Year 1475,280.8
669,Year 1475,280.8
670,Year 1475,280.8
671,Year 1475,280.8
672,Year 1475,280.8
673,Year 1470,280.6
674,Year 1470,280.6
675,Year 1470,280.6
676,Year 1470,280.6
677,Year 1470,280.6
678,Year 1470,280.6
679,Year 1465,280.6
680,Year 1465,280.6
681,Year 1465,280.6
682,Year 1465,280.6
683,Year 1465,280.6
684,Year 1465,280.6
685,Year 1460,280.6
686,Year 1460,280.6
687,Year 1460,280.6
688,Year 1460,280.6
689,Year 1460,280.6
690,Year 1460,280.6
691,Year 1455,280.7
692,Year 1455,280.7
693,Year 1455,280.7
694,Year 1455,280.7
695,Year 1455,280.7
696,Year 1455,280.7
697,Year 1450,280.8
698,Year 1450,280.8
699,Year 1450,280.8
700,Year 1450,280.8
701,Year 1450,280.8
702,Year 1450,280.8
703,Year 1445,280.9
704,Year 1445,280.9
705,Year 1445,280.9
706,Year 1445,280.9
707,Year 1445,280.9
708,Year 1445,280.9
709,Year 1440,280.9
710,Year 1440,280.9
711,Year 1440,280.9
712,Year 1440,280.9
713,Year 1440,280.9
714,Year 1440,280.9
715,Year 1435,280.9
716,Year 1435,280.9
717,Year 1435,280.9
718,Year 1435,280.9
719,Year 1435,280.9
720,Year 1435,280.9
721,Year 1430,280.9
722,Year 1430,280.9
723,Year 1430,280.9
724,Year 1430,280.9
725,Year 1430,280.9
726,Year 1430,280.9
727,Year 1425,280.8
728,Year 1425,280.8
729,Year 1425,280.8
730,Year 1425,280.8
731,Year 1425,280.8
732,Year 1425,280.8
733,Year 1420,280.7
734,Year 1420,280.7
735,Year 1420,280.7
736,Year 1420,280.7
737,Year 1420,280.7
738,Year 1420,280.7
739,Year 1415,280.6
740,Year 1415,280.6
741,Year 1415,280.6
742,Year 1415,280.6
743,Year 1415,280.6
744,Year 1415,280.6
745,Year 1410,280.5
746,Year 1410,280.5
747,Year 1410,280.5
748,Year 1410,280.5
749,Year 1410,280.5
750,Year 1410,280.5
751,Year 1405,280.4
752,Year 1405,280.4
753,Year 1405,280.4
754,Year 1405,280.4
755,Year 1405,280.4
756,Year 1405,280.4
757,Year 1400,280.3
758,Year 1400,280.3
759,Year 1400,280.3
760,Year 1400,280.3
761,Year 1400,280.3
762,Year 1400,280.3
763,Year 1395,280.3
764,Year 1395,280.3
765,Year 1395,280.3
766,Year 1395,280.3
767,Year 1395,280.3
768,Year 1395,280.3
769,Year 1390,280.3
770,Year 1390,280.3
771,Year 1390,280.3
772,Year 1390,280.3
773,Year 1390,280.3
774,Year 1390,280.3
775,Year 1385,280.4
776,Year 1385,280.4
777,Year 1385,280.4
778,Year 1385,280.4
779,Year 1385,280.4
780,Year 1385,280.4
781,Year 1380,280.5
782,Year 1380,280.5
783,Year 1380,280.5
784,Year 1380,280.5
785,Year 1380,280.5
786,Year 1380,280.5
787,Year 1375,280.7
788,Year 1375,280.7
789,Year 1375,280.7
790,Year 1375,280.7
791,Year 1375,280.7
792,Year 1375,280.7
793,Year 1370,281
794,Year 1370,281
795,Year 1370,281
796,Year 1370,281
797,Year 1370,281
798,Year 1370,281
799,Year 1365,281.2
800,Year 1365,281.2
801,Year 1365,281.2
802,Year 1365,281.2
803,Year 1365,281.2
804,Year 1365,281.2
805,Year 1360,281.5
806,Year 1360,281.5
807,Year 1360,281.5
808,Year 1360,281.5
809,Year 1360,281.5
810,Year 1360,281.5
811,Year 1355,281.8
812,Year 1355,281.8
813,Year 1355,281.8
814,Year 1355,281.8
815,Year 1355,281.8
816,Year 1355,281.8
817,Year 1350,282.1
818,Year 1350,282.1
819,Year 1350,282.1
820,Year 1350,282.1
821,Year 1350,282.1
822,Year 1350,282.1
823,Year 1345,282.4
824,Year 1345,282.4
825,Year 1345,282.4
826,Year 1345,282.4
827,Year 1345,282.4
828,Year 1345,282.4
829,Year 1340,282.7
830,Year 1340,282.7
831,Year 1340,282.7
832,Year 1340,282.7
833,Year 1340,282.7
834,Year 1340,282.7
835,Year 1335,282.9
836,Year 1335,282.9
837,Year 1335,282.9
838,Year 1335,282.9
839,Year 1335,282.9
840,Year 1335,282.9
841,Year 1330,283.1
842,Year 1330,283.1
843,Year 1330,283.1
844,Year 1330,283.1
845,Year 1330,283.1
846,Year 1330,283.1
847,Year 1325,283.2
848,Year 1325,283.2
849,Year 1325,283.2
850,Year 1325,283.2
851,Year 1325,283.2
852,Year 1325,283.2
853,Year 1320,283.3
854,Year 1320,283.3
855,Year 1320,283.3
856,Year 1320,283.3
857,Year 1320,283.3
858,Year 1320,283.3
859,Year 1315,283.3
860,Year 1315,283.3
861,Year 1315,283.3
862,Year 1315,283.3
863,Year 1315,283.3
864,Year 1315,283.3
865,Year 1315,283.3
866,Year 1310,283.2
867,Year 1310,283.2
868,Year 1310,283.2
869,Year 1310,283.2
870,Year 1310,283.2
871,Year 1310,283.2
872,Year 1305,283.1
873,Year 1305,283.1
874,Year 1305,283.1
875,Year 1305,283.1
876,Year 1305,283.1
877,Year 1305,283.1
878,Year 1300,283
879,Year 1300,283
880,Year 1300,283
881,Year 1300,283
882,Year 1300,283
883,Year 1300,283
884,Year 1295,282.9
885,Year 1295,282.9
886,Year 1295,282.9
887,Year 1295,282.9
888,Year 1295,282.9
889,Year 1295,282.9
890,Year 1290,282.8
891,Year 1290,282.8
892,Year 1290,282.8
893,Year 1290,282.8
894,Year 1290,282.8
895,Year 1290,282.8
896,Year 1285,282.6
897,Year 1285,282.6
898,Year 1285,282.6
899,Year 1285,282.6
900,Year 1285,282.6
901,Year 1285,282.6
902,Year 1280,282.5
903,Year 1280,282.5
904,Year 1280,282.5
905,Year 1280,282.5
906,Year 1280,282.5
907,Year 1280,282.5
908,Year 1275,282.3
909,Year 1275,282.3
910,Year 1275,282.3
911,Year 1275,282.3
912,Year 1275,282.3
913,Year 1275,282.3
914,Year 1270,282.2
915,Year 1270,282.2
916,Year 1270,282.2
917,Year 1270,282.2
918,Year 1270,282.2
919,Year 1270,282.2
920,Year 1265,282.1
921,Year 1265,282.1
922,Year 1265,282.1
923,Year 1265,282.1
924,Year 1265,282.1
925,Year 1265,282.1
926,Year 1260,282
927,Year 1260,282
928,Year 1260,282
929,Year 1260,282
930,Year 1260,282
931,Year 1260,282
932,Year 1255,281.9
933,Year 1255,281.9
934,Year 1255,281.9
935,Year 1255,281.9
936,Year 1255,281.9
937,Year 1255,281.9
938,Year 1250,281.9
939,Year 1250,281.9
940,Year 1250,281.9
941,Year 1250,281.9
942,Year 1250,281.9
943,Year 1250,281.9
944,Year 1245,281.9
945,Year 1245,281.9
946,Year 1245,281.9
947,Year 1245,281.9
948,Year 1245,281.9
949,Year 1245,281.9
950,Year 1240,282
951,Year 1240,282
952,Year 1240,282
953,Year 1240,282
954,Year 1240,282
955,Year 1240,282
956,Year 1235,282.2
957,Year 1235,282.2
958,Year 1235,282.2
959,Year 1235,282.2
960,Year 1235,282.2
961,Year 1235,282.2
962,Year 1230,282.3
963,Year 1230,282.3
964,Year 1230,282.3
965,Year 1230,282.3
966,Year 1230,282.3
967,Year 1230,282.3
968,Year 1225,282.5
969,Year 1225,282.5
970,Year 1225,282.5
971,Year 1225,282.5
972,Year 1225,282.5
973,Year 1225,282.5
974,Year 1220,282.8
975,Year 1220,282.8
976,Year 1220,282.8
977,Year 1220,282.8
978,Year 1220,282.8
979,Year 1220,282.8
980,Year 1215,283
981,Year 1215,283
982,Year 1215,283
983,Year 1215,283
984,Year 1215,283
985,Year 1215,283
986,Year 1210,283.2
987,Year 1210,283.2
988,Year 1210,283.2
989,Year 1210,283.2
990,Year 1210,283.2
991,Year 1210,283.2
992,Year 1205,283.4
993,Year 1205,283.4
994,Year 1205,283.4
995,Year 1205,283.4
996,Year 1205,283.4
997,Year 1205,283.4
998,Year 1200,283.6
999,Year 1200,283.6
1000,Year 1200,283.6
1001,Year 1200,283.6
1002,Year 1200,283.6
1003,Year 1200,283.6
1004,Year 1195,283.8
1005,Year 1195,283.8
1006,Year 1195,283.8
1007,Year 1195,283.8
1008,Year 1195,283.8
1009,Year 1195,283.8
1010,Year 1190,283.9
1011,Year 1190,283.9
1012,Year 1190,283.9
1013,Year 1190,283.9
1014,Year 1190,283.9
1015,Year 1190,283.9
1016,Year 1185,284
1017,Year 1185,284
1018,Year 1185,284
1019,Year 1185,284
1020,Year 1185,284
1021,Year 1185,284
1022,Year 1180,284
1023,Year 1180,284
1024,Year 1180,284
1025,Year 1180,284
1026,Year 1180,284
1027,Year 1180,284
1028,Year 1175,284.1
1029,Year 1175,284.1
1030,Year 1175,284.1
1031,Year 1175,284.1
1032,Year 1175,284.1
1033,Year 1175,284.1
1034,Year 1170,284.1
1035,Year 1170,284.1
1036,Year 1170,284.1
1037,Year 1170,284.1
1038,Year 1170,284.1
1039,Year 1170,284.1
1040,Year 1165,284.1
1041,Year 1165,284.1
1042,Year 1165,284.1
1043,Year 1165,284.1
1044,Year 1165,284.1
1045,Year 1165,284.1
1046,Year 1160,284
1047,Year 1160,284
1048,Year 1160,284
1049,Year 1160,284
1050,Year 1160,284
1051,Year 1160,284
1052,Year 1155,284
1053,Year 1155,284
1054,Year 1155,284
1055,Year 1155,284
1056,Year 1155,284
1057,Year 1155,284
1058,Year 1150,283.9
1059,Year 1150,283.9
1060,Year 1150,283.9
1061,Year 1150,283.9
1062,Year 1150,283.9
1063,Year 1150,283.9
1064,Year 1145,283.8
1065,Year 1145,283.8
1066,Year 1145,283.8
1067,Year 1145,283.8
1068,Year 1145,283.8
1069,Year 1145,283.8
1070,Year 1145,283.8
1071,Year 1140,283.7
1072,Year 1140,283.7
1073,Year 1140,283.7
1074,Year 1140,283.7
1075,Year 1140,283.7
1076,Year 1140,283.7
1077,Year 1135,283.6
1078,Year 1135,283.6
1079,Year 1135,283.6
1080,Year 1135,283.6
1081,Year 1135,283.6
1082,Year 1135,283.6
1083,Year 1130,283.5
1084,Year 1130,283.5
1085,Year 1130,283.5
1086,Year 1130,283.5
1087,Year 1130,283.5
1088,Year 1130,283.5
1089,Year 1125,283.3
1090,Year 1125,283.3
1091,Year 1125,283.3
1092,Year 1125,283.3
1093,Year 1125,283.3
1094,Year 1125,283.3
1095,Year 1120,283.2
1096,Year 1120,283.2
1097,Year 1120,283.2
1098,Year 1120,283.2
1099,Year 1120,283.2
1100,Year 1120,283.2
1101,Year 1115,283
1102,Year 1115,283
1103,Year 1115,283
1104,Year 1115,283
1105,Year 1115,283
1106,Year 1115,283
1107,Year 1110,282.9
1108,Year 1110,282.9
1109,Year 1110,282.9
1110,Year 1110,282.9
1111,Year 1110,282.9
1112,Year 1110,282.9
1113,Year 1105,282.7
1114,Year 1105,282.7
1115,Year 1105,282.7
1116,Year 1105,282.7
1117,Year 1105,282.7
1118,Year 1105,282.7
1119,Year 1100,282.5
1120,Year 1100,282.5
1121,Year 1100,282.5
1122,Year 1100,282.5
1123,Year 1100,282.5
1124,Year 1100,282.5
1125,Year 1095,282.3
1126,Year 1095,282.3
1127,Year 1095,282.3
1128,Year 1095,282.3
1129,Year 1095,282.3
1130,Year 1095,282.3
1131,Year 1090,282.1
1132,Year 1090,282.1
1133,Year 1090,282.1
1134,Year 1090,282.1
1135,Year 1090,282.1
1136,Year 1090,282.1
1137,Year 1085,281.9
1138,Year 1080,281.7
1139,Year 1075,281.5
1140,Year 1070,281.3
1141,Year 1065,281.1
1142,Year 1060,280.9
1143,Year 1055,280.7
1144,Year 1050,280.5
1145,Year 1045,280.3
1146,Year 1040,280.2
1147,Year 1035,280
1148,Year 1030,279.9
1149,Year 1025,279.8
1150,Year 1020,279.7
1151,Year 1015,280
1152,Year 1010,280
